NAVER,상시 인재풀 등록_Robotics,Hardware 외,무관,정규,상시모집,https://recruit.navercorp.com/rcrt/view.do?annoId=30000338
NAVER,[NAVER Cloud] 정보보호,Security,경력,정규,2022.03.29 ~ 2022.08.31,https://recruit.navercorp.com/rcrt/view.do?annoId=3000095
NAVER,[NAVER Cloud] Security Engineer,Security,경력,정규,2022.03.29 ~ 2022.08.31,https://recruit.navercorp.com/rcrt/view.do?annoId=3000096
NAVER,[NAVER Cloud] 클라우드 보안 솔루션 운영,Security,경력,정규,2022.03.28 ~ 2022.08.31,https://recruit.navercorp.com/rcrt/view.do?annoId=3000097
NAVER,[NAVER Cloud] 클라우드 보안 상품 기획 및 운영,Security,경력,정규,2022.03.28 ~ 2022.08.31,https://recruit.navercorp.com/rcrt/view.do?annoId=3000098
NAVER,[NAVER Cloud] 클라우드 보안 아키텍트,Security,경력,정규,2022.03.28 ~ 2022.08.31,https://recruit.navercorp.com/rcrt/view.do?annoId=3000100
NAVER,[NAVER Cloud] 클라우드 서비스 플랫폼 테크니컬 매니저,Tech Staff,경력,정규,2021.03.15 ~ 2022.08.31,https://recruit.navercorp.com/rcrt/view.do?annoId=3000124
NAVER,[NAVER Cloud] 금융 클라우드 보안 컴플라이언스 담당자,Security,경력,정규,2021.08.03 ~ 2022.08.31,https://recruit.navercorp.com/rcrt/view.do?annoId=3000111
NAVER,[NAVER Cloud] 테크니컬 어카운트 매니저,Tech Staff,경력,정규,2021.03.15 ~ 2022.08.31,https://recruit.navercorp.com/rcrt/view.do?annoId=3000112
NAVER,[NAVER Cloud] 시스템 엔지니어,Infra Engineering,경력,정규,2022.07.06 ~ 2022.08.31,https://recruit.navercorp.com/rcrt/view.do?annoId=30000280
NAVER,WORKS MOBILE Back-End 개발자 모집,Backend,경력,정규,2022.07.26 ~ 2022.08.16,https://recruit.navercorp.com/rcrt/view.do?annoId=3000153
NAVER,[경력] 글로벌 웹툰 서비스 개발자(iOS 앱),iOS,경력,정규,2022.07.22 ~ 2022.08.21,https://recruit.navercorp.com/rcrt/view.do?annoId=30000310
NAVER,[경력] 글로벌 웹툰 서비스 개발자(안드로이드 앱),Android,경력,정규,2022.07.22 ~ 2022.08.21,https://recruit.navercorp.com/rcrt/view.do?annoId=30000309
NAVER,[경력] 글로벌 웹툰 서비스 개발자(Back-End),Backend,경력,정규,2022.07.22 ~ 2022.08.21,https://recruit.navercorp.com/rcrt/view.do?annoId=30000308
NAVER,[경력] 한국 웹툰/시리즈/웹소설 서비스 개발자(안드로이드 앱),Android,경력,정규,2022.07.22 ~ 2022.08.21,https://recruit.navercorp.com/rcrt/view.do?annoId=30000307
NAVER,[경력] 한국 웹툰/시리즈/웹소설 서비스 개발자(iOS 앱),iOS,경력,정규,2022.07.22 ~ 2022.08.21,https://recruit.navercorp.com/rcrt/view.do?annoId=30000306
NAVER,[경력] 한국 웹툰/시리즈/웹소설 서비스 개발자(Back-End),Backend,경력,정규,2022.07.22 ~ 2022.08.21,https://recruit.navercorp.com/rcrt/view.do?annoId=30000305
NAVER,[경력] 시리즈온 서비스 개발자(안드로이드 앱),Android,경력,정규,2022.07.22 ~ 2022.08.21,https://recruit.navercorp.com/rcrt/view.do?annoId=30000303
NAVER,[경력] 콘텐츠 유료 플랫폼 개발자(Back-End),Backend,경력,정규,2022.07.22 ~ 2022.08.21,https://recruit.navercorp.com/rcrt/view.do?annoId=30000302
NAVER,[경력] 라인망가 서비스 개발자(Back-End),Backend,경력,정규,2022.07.22 ~ 2022.08.21,https://recruit.navercorp.com/rcrt/view.do?annoId=30000301
